LOCATION,INDICATOR,SUBJECT,MEASURE,FREQUENCY,TIME,Value,Flag Codes
AUS,AVWAGE,TOT,USD,A,1991,42309.38148,
AUS,AVWAGE,TOT,USD,A,1992,43173.77133,
AUS,AVWAGE,TOT,USD,A,1993,43578.24142,
AUS,AVWAGE,TOT,USD,A,1994,43873.85695,
AUS,AVWAGE,TOT,USD,A,1995,43715,
AUS,AVWAGE,TOT,USD,A,1996,44976.27559,
AUS,AVWAGE,TOT,USD,A,1997,46355.55509,
AUS,AVWAGE,TOT,USD,A,1998,46999.6351,
AUS,AVWAGE,TOT,USD,A,1999,48064.87024,
AUS,AVWAGE,TOT,USD,A,2000,48213.08868,
AUS,AVWAGE,TOT,USD,A,2001,48693.3023,
AUS,AVWAGE,TOT,USD,A,2002,49140.63129,
AUS,AVWAGE,TOT,USD,A,2003,49849.37515,
AUS,AVWAGE,TOT,USD,A,2004,51414.31839,
AUS,AVWAGE,TOT,USD,A,2005,52013.93975,
AUS,AVWAGE,TOT,USD,A,2006,52368,
AUS,AVWAGE,TOT,USD,A,2007,53805,
AUS,AVWAGE,TOT,USD,A,2008,54149,
AUS,AVWAGE,TOT,USD,A,2009,53644,
AUS,AVWAGE,TOT,USD,A,2010,55536,
AUS,AVWAGE,TOT,USD,A,2011,57361,
AUS,AVWAGE,TOT,USD,A,2012,57752,
AUS,AVWAGE,TOT,USD,A,2013,57579,
AUS,AVWAGE,TOT,USD,A,2014,58102,
AUS,AVWAGE,TOT,USD,A,2015,57744,
AUS,AVWAGE,TOT,USD,A,2016,57885,
AUS,AVWAGE,TOT,USD,A,2017,57619,
AUS,AVWAGE,TOT,USD,A,2018,57843,
AUS,AVWAGE,TOT,USD,A,2019,58620,
AUS,AVWAGE,TOT,USD,A,2020,60377,
AUS,AVWAGE,TOT,USD,A,2021,60681.49855,
AUS,AVWAGE,TOT,USD,A,2022,59407.88998,
AUT,AVWAGE,TOT,USD,A,1991,52697.39661,
AUT,AVWAGE,TOT,USD,A,1992,53759.05665,
AUT,AVWAGE,TOT,USD,A,1993,54197.36971,
AUT,AVWAGE,TOT,USD,A,1994,54743.42406,
AUT,AVWAGE,TOT,USD,A,1995,55184,
AUT,AVWAGE,TOT,USD,A,1996,54819.61652,
AUT,AVWAGE,TOT,USD,A,1997,54346.94505,
AUT,AVWAGE,TOT,USD,A,1998,56101.14252,
AUT,AVWAGE,TOT,USD,A,1999,57354.89958,
AUT,AVWAGE,TOT,USD,A,2000,57529.01747,
AUT,AVWAGE,TOT,USD,A,2001,57344.65956,
AUT,AVWAGE,TOT,USD,A,2002,58229.16778,
AUT,AVWAGE,TOT,USD,A,2003,58368.87321,
AUT,AVWAGE,TOT,USD,A,2004,59473.25479,
AUT,AVWAGE,TOT,USD,A,2005,59801.36993,
AUT,AVWAGE,TOT,USD,A,2006,60698,
AUT,AVWAGE,TOT,USD,A,2007,61047,
AUT,AVWAGE,TOT,USD,A,2008,62081,
AUT,AVWAGE,TOT,USD,A,2009,63135,
AUT,AVWAGE,TOT,USD,A,2010,62831,
AUT,AVWAGE,TOT,USD,A,2011,62159,
AUT,AVWAGE,TOT,USD,A,2012,62515,
AUT,AVWAGE,TOT,USD,A,2013,62568,
AUT,AVWAGE,TOT,USD,A,2014,62801,
AUT,AVWAGE,TOT,USD,A,2015,63231,
AUT,AVWAGE,TOT,USD,A,2016,63860,
AUT,AVWAGE,TOT,USD,A,2017,63856,
AUT,AVWAGE,TOT,USD,A,2018,64101,
AUT,AVWAGE,TOT,USD,A,2019,64623,
AUT,AVWAGE,TOT,USD,A,2020,64648,
AUT,AVWAGE,TOT,USD,A,2021,65402.3163,
AUT,AVWAGE,TOT,USD,A,2022,63801.6205,
BEL,AVWAGE,TOT,USD,A,1991,53018.63916,
BEL,AVWAGE,TOT,USD,A,1992,54718.72889,
BEL,AVWAGE,TOT,USD,A,1993,55868.83181,
BEL,AVWAGE,TOT,USD,A,1994,56952.77711,
BEL,AVWAGE,TOT,USD,A,1995,56759,
BEL,AVWAGE,TOT,USD,A,1996,57470.55687,
BEL,AVWAGE,TOT,USD,A,1997,58203.37514,
BEL,AVWAGE,TOT,USD,A,1998,58238.2834,
BEL,AVWAGE,TOT,USD,A,1999,61484.41221,
BEL,AVWAGE,TOT,USD,A,2000,60929.14052,
BEL,AVWAGE,TOT,USD,A,2001,61114.83036,
BEL,AVWAGE,TOT,USD,A,2002,62692.58577,
BEL,AVWAGE,TOT,USD,A,2003,63066.29518,
BEL,AVWAGE,TOT,USD,A,2004,62735.50011,
BEL,AVWAGE,TOT,USD,A,2005,62139.94835,
BEL,AVWAGE,TOT,USD,A,2006,62562,
BEL,AVWAGE,TOT,USD,A,2007,62446,
BEL,AVWAGE,TOT,USD,A,2008,62715,
BEL,AVWAGE,TOT,USD,A,2009,63590,
BEL,AVWAGE,TOT,USD,A,2010,63295,
BEL,AVWAGE,TOT,USD,A,2011,63944,
BEL,AVWAGE,TOT,USD,A,2012,64461,
BEL,AVWAGE,TOT,USD,A,2013,65099,
BEL,AVWAGE,TOT,USD,A,2014,65461,
BEL,AVWAGE,TOT,USD,A,2015,65017,
BEL,AVWAGE,TOT,USD,A,2016,65157,
BEL,AVWAGE,TOT,USD,A,2017,64700,
BEL,AVWAGE,TOT,USD,A,2018,65083,
BEL,AVWAGE,TOT,USD,A,2019,65700,
BEL,AVWAGE,TOT,USD,A,2020,63677,
BEL,AVWAGE,TOT,USD,A,2021,65520.82131,
BEL,AVWAGE,TOT,USD,A,2022,64847.62388,
CAN,AVWAGE,TOT,USD,A,1991,42426.30285,
CAN,AVWAGE,TOT,USD,A,1992,43045.90077,
CAN,AVWAGE,TOT,USD,A,1993,42952.71889,
CAN,AVWAGE,TOT,USD,A,1994,42464.17584,
CAN,AVWAGE,TOT,USD,A,1995,42369,
CAN,AVWAGE,TOT,USD,A,1996,42745.09125,
CAN,AVWAGE,TOT,USD,A,1997,44053.76661,
CAN,AVWAGE,TOT,USD,A,1998,44793.20601,
CAN,AVWAGE,TOT,USD,A,1999,45157.23019,
CAN,AVWAGE,TOT,USD,A,2000,46526.33928,
CAN,AVWAGE,TOT,USD,A,2001,46335.18499,
CAN,AVWAGE,TOT,USD,A,2002,45961.56042,
CAN,AVWAGE,TOT,USD,A,2003,45975.75017,
CAN,AVWAGE,TOT,USD,A,2004,46969.11817,
CAN,AVWAGE,TOT,USD,A,2005,48325.74464,
CAN,AVWAGE,TOT,USD,A,2006,49797,
CAN,AVWAGE,TOT,USD,A,2007,51127,
CAN,AVWAGE,TOT,USD,A,2008,52025,
CAN,AVWAGE,TOT,USD,A,2009,52363,
CAN,AVWAGE,TOT,USD,A,2010,52457,
CAN,AVWAGE,TOT,USD,A,2011,53088,
CAN,AVWAGE,TOT,USD,A,2012,53717,
CAN,AVWAGE,TOT,USD,A,2013,54286,
CAN,AVWAGE,TOT,USD,A,2014,54995,
CAN,AVWAGE,TOT,USD,A,2015,55400,
CAN,AVWAGE,TOT,USD,A,2016,54350,
CAN,AVWAGE,TOT,USD,A,2017,55122,
CAN,AVWAGE,TOT,USD,A,2018,56083,
CAN,AVWAGE,TOT,USD,A,2019,56370,
CAN,AVWAGE,TOT,USD,A,2020,59160,
CAN,AVWAGE,TOT,USD,A,2021,59568.78279,
CAN,AVWAGE,TOT,USD,A,2022,59050.40728,
CZE,AVWAGE,TOT,USD,A,1995,16612,
CZE,AVWAGE,TOT,USD,A,1996,18320.98996,
CZE,AVWAGE,TOT,USD,A,1997,18606.93905,
CZE,AVWAGE,TOT,USD,A,1998,18603.82613,
CZE,AVWAGE,TOT,USD,A,1999,19344.54932,
CZE,AVWAGE,TOT,USD,A,2000,20070.48242,
CZE,AVWAGE,TOT,USD,A,2001,21105.60748,
CZE,AVWAGE,TOT,USD,A,2002,22382.42264,
CZE,AVWAGE,TOT,USD,A,2003,24089.04188,
CZE,AVWAGE,TOT,USD,A,2004,25174.10387,
CZE,AVWAGE,TOT,USD,A,2005,25914.06806,
CZE,AVWAGE,TOT,USD,A,2006,26952,
CZE,AVWAGE,TOT,USD,A,2007,27757,
CZE,AVWAGE,TOT,USD,A,2008,27906,
CZE,AVWAGE,TOT,USD,A,2009,27793,
CZE,AVWAGE,TOT,USD,A,2010,28648,
CZE,AVWAGE,TOT,USD,A,2011,28882,
CZE,AVWAGE,TOT,USD,A,2012,28934,
CZE,AVWAGE,TOT,USD,A,2013,28754,
CZE,AVWAGE,TOT,USD,A,2014,29360,
CZE,AVWAGE,TOT,USD,A,2015,30224,
CZE,AVWAGE,TOT,USD,A,2016,31291,
CZE,AVWAGE,TOT,USD,A,2017,32891,
CZE,AVWAGE,TOT,USD,A,2018,34633,
CZE,AVWAGE,TOT,USD,A,2019,36071,
CZE,AVWAGE,TOT,USD,A,2020,35552,
CZE,AVWAGE,TOT,USD,A,2021,36269.70799,
CZE,AVWAGE,TOT,USD,A,2022,33475.51974,
DNK,AVWAGE,TOT,USD,A,1991,47454.31209,
DNK,AVWAGE,TOT,USD,A,1992,49053.26038,
DNK,AVWAGE,TOT,USD,A,1993,49596.10683,
DNK,AVWAGE,TOT,USD,A,1994,47871.62872,
DNK,AVWAGE,TOT,USD,A,1995,48894,
DNK,AVWAGE,TOT,USD,A,1996,49781.44476,
DNK,AVWAGE,TOT,USD,A,1997,50577.44707,
DNK,AVWAGE,TOT,USD,A,1998,51462.33537,
DNK,AVWAGE,TOT,USD,A,1999,52066.95467,
DNK,AVWAGE,TOT,USD,A,2000,52018.88005,
DNK,AVWAGE,TOT,USD,A,2001,52328.67186,
DNK,AVWAGE,TOT,USD,A,2002,53520.32821,
DNK,AVWAGE,TOT,USD,A,2003,54841.25092,
DNK,AVWAGE,TOT,USD,A,2004,56061.80687,
DNK,AVWAGE,TOT,USD,A,2005,57030.2442,
DNK,AVWAGE,TOT,USD,A,2006,57991,
DNK,AVWAGE,TOT,USD,A,2007,58638,
DNK,AVWAGE,TOT,USD,A,2008,59414,
DNK,AVWAGE,TOT,USD,A,2009,60853,
DNK,AVWAGE,TOT,USD,A,2010,61537,
DNK,AVWAGE,TOT,USD,A,2011,61213,
DNK,AVWAGE,TOT,USD,A,2012,61121,
DNK,AVWAGE,TOT,USD,A,2013,61548,
DNK,AVWAGE,TOT,USD,A,2014,62723,
DNK,AVWAGE,TOT,USD,A,2015,63828,
DNK,AVWAGE,TOT,USD,A,2016,63894,
DNK,AVWAGE,TOT,USD,A,2017,64281,
DNK,AVWAGE,TOT,USD,A,2018,64765,
DNK,AVWAGE,TOT,USD,A,2019,65222,
DNK,AVWAGE,TOT,USD,A,2020,66203,
DNK,AVWAGE,TOT,USD,A,2021,66503.04779,
DNK,AVWAGE,TOT,USD,A,2022,64126.65162,
FIN,AVWAGE,TOT,USD,A,1991,39306.71896,
FIN,AVWAGE,TOT,USD,A,1992,38712.95283,
FIN,AVWAGE,TOT,USD,A,1993,37357.32762,
FIN,AVWAGE,TOT,USD,A,1994,37886.782,
FIN,AVWAGE,TOT,USD,A,1995,39377,
FIN,AVWAGE,TOT,USD,A,1996,40279.37664,
FIN,AVWAGE,TOT,USD,A,1997,40313.69135,
FIN,AVWAGE,TOT,USD,A,1998,41377.92759,
FIN,AVWAGE,TOT,USD,A,1999,42345.81863,
FIN,AVWAGE,TOT,USD,A,2000,43072.84404,
FIN,AVWAGE,TOT,USD,A,2001,43299.41239,
FIN,AVWAGE,TOT,USD,A,2002,43532.03048,
FIN,AVWAGE,TOT,USD,A,2003,44359.35125,
FIN,AVWAGE,TOT,USD,A,2004,45807.9322,
FIN,AVWAGE,TOT,USD,A,2005,46788.14618,
FIN,AVWAGE,TOT,USD,A,2006,47757,
FIN,AVWAGE,TOT,USD,A,2007,48395,
FIN,AVWAGE,TOT,USD,A,2008,48809,
FIN,AVWAGE,TOT,USD,A,2009,49229,
FIN,AVWAGE,TOT,USD,A,2010,49911,
FIN,AVWAGE,TOT,USD,A,2011,49925,
FIN,AVWAGE,TOT,USD,A,2012,49965,
FIN,AVWAGE,TOT,USD,A,2013,49465,
FIN,AVWAGE,TOT,USD,A,2014,49449,
FIN,AVWAGE,TOT,USD,A,2015,49836,
FIN,AVWAGE,TOT,USD,A,2016,50274,
FIN,AVWAGE,TOT,USD,A,2017,49985,
FIN,AVWAGE,TOT,USD,A,2018,50354,
FIN,AVWAGE,TOT,USD,A,2019,50873,
FIN,AVWAGE,TOT,USD,A,2020,51092,
FIN,AVWAGE,TOT,USD,A,2021,52785.31963,
FIN,AVWAGE,TOT,USD,A,2022,51835.87394,
FRA,AVWAGE,TOT,USD,A,1991,39638.58667,
FRA,AVWAGE,TOT,USD,A,1992,40082.35112,
FRA,AVWAGE,TOT,USD,A,1993,40543.78616,
FRA,AVWAGE,TOT,USD,A,1994,40713.46882,
FRA,AVWAGE,TOT,USD,A,1995,41318,
FRA,AVWAGE,TOT,USD,A,1996,41440.29267,
FRA,AVWAGE,TOT,USD,A,1997,41903.0054,
FRA,AVWAGE,TOT,USD,A,1998,42550.45471,
FRA,AVWAGE,TOT,USD,A,1999,43487.38727,
FRA,AVWAGE,TOT,USD,A,2000,43694.34692,
FRA,AVWAGE,TOT,USD,A,2001,43969.03089,
FRA,AVWAGE,TOT,USD,A,2002,45155.67258,
FRA,AVWAGE,TOT,USD,A,2003,45524.22596,
FRA,AVWAGE,TOT,USD,A,2004,46266.45679,
FRA,AVWAGE,TOT,USD,A,2005,46823.7931,
FRA,AVWAGE,TOT,USD,A,2006,47347,
FRA,AVWAGE,TOT,USD,A,2007,47520,
FRA,AVWAGE,TOT,USD,A,2008,47429,
FRA,AVWAGE,TOT,USD,A,2009,48938,
FRA,AVWAGE,TOT,USD,A,2010,49926,
FRA,AVWAGE,TOT,USD,A,2011,49836,
FRA,AVWAGE,TOT,USD,A,2012,50159,
FRA,AVWAGE,TOT,USD,A,2013,50581,
FRA,AVWAGE,TOT,USD,A,2014,50929,
FRA,AVWAGE,TOT,USD,A,2015,51415,
FRA,AVWAGE,TOT,USD,A,2016,52010,
FRA,AVWAGE,TOT,USD,A,2017,52732,
FRA,AVWAGE,TOT,USD,A,2018,52664,
FRA,AVWAGE,TOT,USD,A,2019,53172,
FRA,AVWAGE,TOT,USD,A,2020,50550,
FRA,AVWAGE,TOT,USD,A,2021,52542.18892,
FRA,AVWAGE,TOT,USD,A,2022,52763.5938,
DEU,AVWAGE,TOT,USD,A,1991,45193.25651,
DEU,AVWAGE,TOT,USD,A,1992,47965.97278,
DEU,AVWAGE,TOT,USD,A,1993,48281.86215,
DEU,AVWAGE,TOT,USD,A,1994,48388.11912,
DEU,AVWAGE,TOT,USD,A,1995,49414,
DEU,AVWAGE,TOT,USD,A,1996,49981.57145,
DEU,AVWAGE,TOT,USD,A,1997,49770.36598,
DEU,AVWAGE,TOT,USD,A,1998,50379.96932,
DEU,AVWAGE,TOT,USD,A,1999,51050.10479,
DEU,AVWAGE,TOT,USD,A,2000,51344.10119,
DEU,AVWAGE,TOT,USD,A,2001,51718.79718,
DEU,AVWAGE,TOT,USD,A,2002,52022.68323,
DEU,AVWAGE,TOT,USD,A,2003,52195.61003,
DEU,AVWAGE,TOT,USD,A,2004,52188.85901,
DEU,AVWAGE,TOT,USD,A,2005,52377.65267,
DEU,AVWAGE,TOT,USD,A,2006,52367,
DEU,AVWAGE,TOT,USD,A,2007,52208,
DEU,AVWAGE,TOT,USD,A,2008,52442,
DEU,AVWAGE,TOT,USD,A,2009,52453,
DEU,AVWAGE,TOT,USD,A,2010,52912,
DEU,AVWAGE,TOT,USD,A,2011,53980,
DEU,AVWAGE,TOT,USD,A,2012,54699,
DEU,AVWAGE,TOT,USD,A,2013,55215,
DEU,AVWAGE,TOT,USD,A,2014,56141,
DEU,AVWAGE,TOT,USD,A,2015,57431,
DEU,AVWAGE,TOT,USD,A,2016,58311,
DEU,AVWAGE,TOT,USD,A,2017,58924,
DEU,AVWAGE,TOT,USD,A,2018,59750,
DEU,AVWAGE,TOT,USD,A,2019,60732,
DEU,AVWAGE,TOT,USD,A,2020,60309,
DEU,AVWAGE,TOT,USD,A,2021,60291.24177,
DEU,AVWAGE,TOT,USD,A,2022,58940.3278,
GRC,AVWAGE,TOT,USD,A,1995,22800,
GRC,AVWAGE,TOT,USD,A,1996,23037.00194,
GRC,AVWAGE,TOT,USD,A,1997,25629.7455,
GRC,AVWAGE,TOT,USD,A,1998,27749.39801,
GRC,AVWAGE,TOT,USD,A,1999,28192.92259,
GRC,AVWAGE,TOT,USD,A,2000,29797.16544,
GRC,AVWAGE,TOT,USD,A,2001,30798.69545,
GRC,AVWAGE,TOT,USD,A,2002,33599.23855,
GRC,AVWAGE,TOT,USD,A,2003,35079.24617,
GRC,AVWAGE,TOT,USD,A,2004,35722.5698,
GRC,AVWAGE,TOT,USD,A,2005,35603.3185,
GRC,AVWAGE,TOT,USD,A,2006,36027,
GRC,AVWAGE,TOT,USD,A,2007,36033,
GRC,AVWAGE,TOT,USD,A,2008,35476,
GRC,AVWAGE,TOT,USD,A,2009,37151,
GRC,AVWAGE,TOT,USD,A,2010,35454,
GRC,AVWAGE,TOT,USD,A,2011,33205,
GRC,AVWAGE,TOT,USD,A,2012,31272,
GRC,AVWAGE,TOT,USD,A,2013,29229,
GRC,AVWAGE,TOT,USD,A,2014,29108,
GRC,AVWAGE,TOT,USD,A,2015,29394,
GRC,AVWAGE,TOT,USD,A,2016,28720,
GRC,AVWAGE,TOT,USD,A,2017,28903,
GRC,AVWAGE,TOT,USD,A,2018,27569,
GRC,AVWAGE,TOT,USD,A,2019,27615,
GRC,AVWAGE,TOT,USD,A,2020,27747,
GRC,AVWAGE,TOT,USD,A,2021,27659.57173,
GRC,AVWAGE,TOT,USD,A,2022,25978.97924,
HUN,AVWAGE,TOT,USD,A,1995,16319,
HUN,AVWAGE,TOT,USD,A,1996,16325.14871,
HUN,AVWAGE,TOT,USD,A,1997,16727.99918,
HUN,AVWAGE,TOT,USD,A,1998,17103.68771,
HUN,AVWAGE,TOT,USD,A,1999,17177.95276,
HUN,AVWAGE,TOT,USD,A,2000,17968.894,
HUN,AVWAGE,TOT,USD,A,2001,19334.73875,
HUN,AVWAGE,TOT,USD,A,2002,20301.14339,
HUN,AVWAGE,TOT,USD,A,2003,21926.51318,
HUN,AVWAGE,TOT,USD,A,2004,23457.65428,
HUN,AVWAGE,TOT,USD,A,2005,24491.94482,
HUN,AVWAGE,TOT,USD,A,2006,24969,
HUN,AVWAGE,TOT,USD,A,2007,24783,
HUN,AVWAGE,TOT,USD,A,2008,25128,
HUN,AVWAGE,TOT,USD,A,2009,23692,
HUN,AVWAGE,TOT,USD,A,2010,24005,
HUN,AVWAGE,TOT,USD,A,2011,24316,
HUN,AVWAGE,TOT,USD,A,2012,23506,
HUN,AVWAGE,TOT,USD,A,2013,23266,
HUN,AVWAGE,TOT,USD,A,2014,22961,
HUN,AVWAGE,TOT,USD,A,2015,23140,
HUN,AVWAGE,TOT,USD,A,2016,23349,
HUN,AVWAGE,TOT,USD,A,2017,25038,
HUN,AVWAGE,TOT,USD,A,2018,26265,
HUN,AVWAGE,TOT,USD,A,2019,27140,
HUN,AVWAGE,TOT,USD,A,2020,27588,
HUN,AVWAGE,TOT,USD,A,2021,28462.42341,
HUN,AVWAGE,TOT,USD,A,2022,28474.64324,
IRL,AVWAGE,TOT,USD,A,1991,30033.09715,
IRL,AVWAGE,TOT,USD,A,1992,31284.51192,
IRL,AVWAGE,TOT,USD,A,1993,32833.10741,
IRL,AVWAGE,TOT,USD,A,1994,33047.42797,
IRL,AVWAGE,TOT,USD,A,1995,33634,
IRL,AVWAGE,TOT,USD,A,1996,34125.71564,
IRL,AVWAGE,TOT,USD,A,1997,36047.54909,
IRL,AVWAGE,TOT,USD,A,1998,36168.17616,
IRL,AVWAGE,TOT,USD,A,1999,36975.79213,
IRL,AVWAGE,TOT,USD,A,2000,37873.93037,
IRL,AVWAGE,TOT,USD,A,2001,39371.66944,
IRL,AVWAGE,TOT,USD,A,2002,39798.91823,
IRL,AVWAGE,TOT,USD,A,2003,41094.86945,
IRL,AVWAGE,TOT,USD,A,2004,42554.29631,
IRL,AVWAGE,TOT,USD,A,2005,44330.02565,
IRL,AVWAGE,TOT,USD,A,2006,44703,
IRL,AVWAGE,TOT,USD,A,2007,45969,
IRL,AVWAGE,TOT,USD,A,2008,48089,
IRL,AVWAGE,TOT,USD,A,2009,52639,
IRL,AVWAGE,TOT,USD,A,2010,52793,
IRL,AVWAGE,TOT,USD,A,2011,52035,
IRL,AVWAGE,TOT,USD,A,2012,51578,
IRL,AVWAGE,TOT,USD,A,2013,50323,
IRL,AVWAGE,TOT,USD,A,2014,50080,
IRL,AVWAGE,TOT,USD,A,2015,50079,
IRL,AVWAGE,TOT,USD,A,2016,50593,
IRL,AVWAGE,TOT,USD,A,2017,51180,
IRL,AVWAGE,TOT,USD,A,2018,51852,
IRL,AVWAGE,TOT,USD,A,2019,52648,
IRL,AVWAGE,TOT,USD,A,2020,53651,
IRL,AVWAGE,TOT,USD,A,2021,53209.4764,
IRL,AVWAGE,TOT,USD,A,2022,52242.6174,
ITA,AVWAGE,TOT,USD,A,1991,45341.69248,
ITA,AVWAGE,TOT,USD,A,1992,45297.79673,
ITA,AVWAGE,TOT,USD,A,1993,44600.06113,
ITA,AVWAGE,TOT,USD,A,1994,44022.51456,
ITA,AVWAGE,TOT,USD,A,1995,43059,
ITA,AVWAGE,TOT,USD,A,1996,43400.69862,
ITA,AVWAGE,TOT,USD,A,1997,44646.69676,
ITA,AVWAGE,TOT,USD,A,1998,44793.69243,
ITA,AVWAGE,TOT,USD,A,1999,45305.33264,
ITA,AVWAGE,TOT,USD,A,2000,45289.58446,
ITA,AVWAGE,TOT,USD,A,2001,45612.84355,
ITA,AVWAGE,TOT,USD,A,2002,45290.10088,
ITA,AVWAGE,TOT,USD,A,2003,45168.00936,
ITA,AVWAGE,TOT,USD,A,2004,46032.25787,
ITA,AVWAGE,TOT,USD,A,2005,46654.24748,
ITA,AVWAGE,TOT,USD,A,2006,46947,
ITA,AVWAGE,TOT,USD,A,2007,46928,
ITA,AVWAGE,TOT,USD,A,2008,46864,
ITA,AVWAGE,TOT,USD,A,2009,47224,
ITA,AVWAGE,TOT,USD,A,2010,47629,
ITA,AVWAGE,TOT,USD,A,2011,46866,
ITA,AVWAGE,TOT,USD,A,2012,45379,
ITA,AVWAGE,TOT,USD,A,2013,45527,
ITA,AVWAGE,TOT,USD,A,2014,45704,
ITA,AVWAGE,TOT,USD,A,2015,46103,
ITA,AVWAGE,TOT,USD,A,2016,46469,
ITA,AVWAGE,TOT,USD,A,2017,46169,
ITA,AVWAGE,TOT,USD,A,2018,46230,
ITA,AVWAGE,TOT,USD,A,2019,46460,
ITA,AVWAGE,TOT,USD,A,2020,44246,
ITA,AVWAGE,TOT,USD,A,2021,45960.64562,
ITA,AVWAGE,TOT,USD,A,2022,44893.33467,
JPN,AVWAGE,TOT,USD,A,1991,40378.55911,
JPN,AVWAGE,TOT,USD,A,1992,40433.75945,
JPN,AVWAGE,TOT,USD,A,1993,40123.21227,
JPN,AVWAGE,TOT,USD,A,1994,40523.1594,
JPN,AVWAGE,TOT,USD,A,1995,41013,
JPN,AVWAGE,TOT,USD,A,1996,41183.89925,
JPN,AVWAGE,TOT,USD,A,1997,41509.99792,
JPN,AVWAGE,TOT,USD,A,1998,41335.46599,
JPN,AVWAGE,TOT,USD,A,1999,41196.88317,
JPN,AVWAGE,TOT,USD,A,2000,41428.23687,
JPN,AVWAGE,TOT,USD,A,2001,41006.37324,
JPN,AVWAGE,TOT,USD,A,2002,40178.29624,
JPN,AVWAGE,TOT,USD,A,2003,40212.76829,
JPN,AVWAGE,TOT,USD,A,2004,40884.38578,
JPN,AVWAGE,TOT,USD,A,2005,41936.10476,
JPN,AVWAGE,TOT,USD,A,2006,41911,
JPN,AVWAGE,TOT,USD,A,2007,41799,
JPN,AVWAGE,TOT,USD,A,2008,41463,
JPN,AVWAGE,TOT,USD,A,2009,40869,
JPN,AVWAGE,TOT,USD,A,2010,40999,
JPN,AVWAGE,TOT,USD,A,2011,41656,
JPN,AVWAGE,TOT,USD,A,2012,40963,
JPN,AVWAGE,TOT,USD,A,2013,40995,
JPN,AVWAGE,TOT,USD,A,2014,40257,
JPN,AVWAGE,TOT,USD,A,2015,40062,
JPN,AVWAGE,TOT,USD,A,2016,40609,
JPN,AVWAGE,TOT,USD,A,2017,40710,
JPN,AVWAGE,TOT,USD,A,2018,41172,
JPN,AVWAGE,TOT,USD,A,2019,41699,
JPN,AVWAGE,TOT,USD,A,2020,41442,
JPN,AVWAGE,TOT,USD,A,2021,42041.31255,
JPN,AVWAGE,TOT,USD,A,2022,41509.20477,
KOR,AVWAGE,TOT,USD,A,1991,25148.57872,
KOR,AVWAGE,TOT,USD,A,1992,26213.87799,
KOR,AVWAGE,TOT,USD,A,1993,27825.8037,
KOR,AVWAGE,TOT,USD,A,1994,28392.0539,
KOR,AVWAGE,TOT,USD,A,1995,31180,
KOR,AVWAGE,TOT,USD,A,1996,32649.16876,
KOR,AVWAGE,TOT,USD,A,1997,31983.00602,
KOR,AVWAGE,TOT,USD,A,1998,31652.64392,
KOR,AVWAGE,TOT,USD,A,1999,31943.49745,
KOR,AVWAGE,TOT,USD,A,2000,32242.64203,
KOR,AVWAGE,TOT,USD,A,2001,33360.15264,
KOR,AVWAGE,TOT,USD,A,2002,34507.35184,
KOR,AVWAGE,TOT,USD,A,2003,35782.45873,
KOR,AVWAGE,TOT,USD,A,2004,36589.82104,
KOR,AVWAGE,TOT,USD,A,2005,37718.50493,
KOR,AVWAGE,TOT,USD,A,2006,38204,
KOR,AVWAGE,TOT,USD,A,2007,39031,
KOR,AVWAGE,TOT,USD,A,2008,38914,
KOR,AVWAGE,TOT,USD,A,2009,39116,
KOR,AVWAGE,TOT,USD,A,2010,39730,
KOR,AVWAGE,TOT,USD,A,2011,40252,
KOR,AVWAGE,TOT,USD,A,2012,39660,
KOR,AVWAGE,TOT,USD,A,2013,40661,
KOR,AVWAGE,TOT,USD,A,2014,40746,
KOR,AVWAGE,TOT,USD,A,2015,41878,
KOR,AVWAGE,TOT,USD,A,2016,43106,
KOR,AVWAGE,TOT,USD,A,2017,44119,
KOR,AVWAGE,TOT,USD,A,2018,45640,
KOR,AVWAGE,TOT,USD,A,2019,47207,
KOR,AVWAGE,TOT,USD,A,2020,48294,
KOR,AVWAGE,TOT,USD,A,2021,49142.98052,
KOR,AVWAGE,TOT,USD,A,2022,48921.93486,
LUX,AVWAGE,TOT,USD,A,1991,55284.56936,
LUX,AVWAGE,TOT,USD,A,1992,56753.47204,
LUX,AVWAGE,TOT,USD,A,1993,57853.10498,
LUX,AVWAGE,TOT,USD,A,1994,58789.52189,
LUX,AVWAGE,TOT,USD,A,1995,58750,
LUX,AVWAGE,TOT,USD,A,1996,59509.52596,
LUX,AVWAGE,TOT,USD,A,1997,60632.47194,
LUX,AVWAGE,TOT,USD,A,1998,60777.33351,
LUX,AVWAGE,TOT,USD,A,1999,62143.7704,
LUX,AVWAGE,TOT,USD,A,2000,64217.09445,
LUX,AVWAGE,TOT,USD,A,2001,64622.09918,
LUX,AVWAGE,TOT,USD,A,2002,65946.63485,
LUX,AVWAGE,TOT,USD,A,2003,65475.2173,
LUX,AVWAGE,TOT,USD,A,2004,66216.95183,
LUX,AVWAGE,TOT,USD,A,2005,66536.84211,
LUX,AVWAGE,TOT,USD,A,2006,67458,
LUX,AVWAGE,TOT,USD,A,2007,69283,
LUX,AVWAGE,TOT,USD,A,2008,68923,
LUX,AVWAGE,TOT,USD,A,2009,71070,
LUX,AVWAGE,TOT,USD,A,2010,71085,
LUX,AVWAGE,TOT,USD,A,2011,71478,
LUX,AVWAGE,TOT,USD,A,2012,70741,
LUX,AVWAGE,TOT,USD,A,2013,71601,
LUX,AVWAGE,TOT,USD,A,2014,72846,
LUX,AVWAGE,TOT,USD,A,2015,73225,
LUX,AVWAGE,TOT,USD,A,2016,72999,
LUX,AVWAGE,TOT,USD,A,2017,73918,
LUX,AVWAGE,TOT,USD,A,2018,74261,
LUX,AVWAGE,TOT,USD,A,2019,74399,
LUX,AVWAGE,TOT,USD,A,2020,74839,
LUX,AVWAGE,TOT,USD,A,2021,79018.90253,
LUX,AVWAGE,TOT,USD,A,2022,78310.14512,
MEX,AVWAGE,TOT,USD,A,1991,16351.67374,
MEX,AVWAGE,TOT,USD,A,1992,17241.48514,
MEX,AVWAGE,TOT,USD,A,1993,17941.12788,
MEX,AVWAGE,TOT,USD,A,1994,18396.50393,
MEX,AVWAGE,TOT,USD,A,1995,15150,
MEX,AVWAGE,TOT,USD,A,1996,14273.17819,
MEX,AVWAGE,TOT,USD,A,1997,14980.22743,
MEX,AVWAGE,TOT,USD,A,1998,15803.68493,
MEX,AVWAGE,TOT,USD,A,1999,16447.90901,
MEX,AVWAGE,TOT,USD,A,2000,17310.58041,
MEX,AVWAGE,TOT,USD,A,2001,18313.16021,
MEX,AVWAGE,TOT,USD,A,2002,18241.33517,
MEX,AVWAGE,TOT,USD,A,2003,18561.5381,
MEX,AVWAGE,TOT,USD,A,2004,18650.07916,
MEX,AVWAGE,TOT,USD,A,2005,18777.90976,
MEX,AVWAGE,TOT,USD,A,2006,18746,
MEX,AVWAGE,TOT,USD,A,2007,18818,
MEX,AVWAGE,TOT,USD,A,2008,18656,
MEX,AVWAGE,TOT,USD,A,2009,18806,
MEX,AVWAGE,TOT,USD,A,2010,17618,
MEX,AVWAGE,TOT,USD,A,2011,17777,
MEX,AVWAGE,TOT,USD,A,2012,17457,
MEX,AVWAGE,TOT,USD,A,2013,17470,
MEX,AVWAGE,TOT,USD,A,2014,17503,
MEX,AVWAGE,TOT,USD,A,2015,17730,
MEX,AVWAGE,TOT,USD,A,2016,17522,
MEX,AVWAGE,TOT,USD,A,2017,17475,
MEX,AVWAGE,TOT,USD,A,2018,17865,
MEX,AVWAGE,TOT,USD,A,2019,18031,
MEX,AVWAGE,TOT,USD,A,2020,17467,
MEX,AVWAGE,TOT,USD,A,2021,17637.05555,
MEX,AVWAGE,TOT,USD,A,2022,16685.37147,
NLD,AVWAGE,TOT,USD,A,1991,58878.8375,
NLD,AVWAGE,TOT,USD,A,1992,59189.3493,
NLD,AVWAGE,TOT,USD,A,1993,60185.85445,
NLD,AVWAGE,TOT,USD,A,1994,60622.78581,
NLD,AVWAGE,TOT,USD,A,1995,59444,
NLD,AVWAGE,TOT,USD,A,1996,59246.87358,
NLD,AVWAGE,TOT,USD,A,1997,59431.66008,
NLD,AVWAGE,TOT,USD,A,1998,57528.89823,
NLD,AVWAGE,TOT,USD,A,1999,58627.73422,
NLD,AVWAGE,TOT,USD,A,2000,60062.64011,
NLD,AVWAGE,TOT,USD,A,2001,60953.86245,
NLD,AVWAGE,TOT,USD,A,2002,61142.92627,
NLD,AVWAGE,TOT,USD,A,2003,61574.39577,
NLD,AVWAGE,TOT,USD,A,2004,62542.96507,
NLD,AVWAGE,TOT,USD,A,2005,62542.65198,
NLD,AVWAGE,TOT,USD,A,2006,62407,
NLD,AVWAGE,TOT,USD,A,2007,63276,
NLD,AVWAGE,TOT,USD,A,2008,63660,
NLD,AVWAGE,TOT,USD,A,2009,66337,
NLD,AVWAGE,TOT,USD,A,2010,66270,
NLD,AVWAGE,TOT,USD,A,2011,65977,
NLD,AVWAGE,TOT,USD,A,2012,66198,
NLD,AVWAGE,TOT,USD,A,2013,66395,
NLD,AVWAGE,TOT,USD,A,2014,66039,
NLD,AVWAGE,TOT,USD,A,2015,66841,
NLD,AVWAGE,TOT,USD,A,2016,67112,
NLD,AVWAGE,TOT,USD,A,2017,66634,
NLD,AVWAGE,TOT,USD,A,2018,65910,
NLD,AVWAGE,TOT,USD,A,2019,65449,
NLD,AVWAGE,TOT,USD,A,2020,67163,
NLD,AVWAGE,TOT,USD,A,2021,66221.4846,
NLD,AVWAGE,TOT,USD,A,2022,63224.9896,
NOR,AVWAGE,TOT,USD,A,1991,30454.49497,
NOR,AVWAGE,TOT,USD,A,1992,30843.76575,
NOR,AVWAGE,TOT,USD,A,1993,31137.97372,
NOR,AVWAGE,TOT,USD,A,1994,31772.73985,
NOR,AVWAGE,TOT,USD,A,1995,32069,
NOR,AVWAGE,TOT,USD,A,1996,33026.39212,
NOR,AVWAGE,TOT,USD,A,1997,33755.75724,
NOR,AVWAGE,TOT,USD,A,1998,34997.51791,
NOR,AVWAGE,TOT,USD,A,1999,36126.39013,
NOR,AVWAGE,TOT,USD,A,2000,36444.19663,
NOR,AVWAGE,TOT,USD,A,2001,37463.26673,
NOR,AVWAGE,TOT,USD,A,2002,38854.50269,
NOR,AVWAGE,TOT,USD,A,2003,39367.26451,
NOR,AVWAGE,TOT,USD,A,2004,40693.2868,
NOR,AVWAGE,TOT,USD,A,2005,41868.85419,
NOR,AVWAGE,TOT,USD,A,2006,43540,
NOR,AVWAGE,TOT,USD,A,2007,45473,
NOR,AVWAGE,TOT,USD,A,2008,46429,
NOR,AVWAGE,TOT,USD,A,2009,46915,
NOR,AVWAGE,TOT,USD,A,2010,47531,
NOR,AVWAGE,TOT,USD,A,2011,49201,
NOR,AVWAGE,TOT,USD,A,2012,50542,
NOR,AVWAGE,TOT,USD,A,2013,51576,
NOR,AVWAGE,TOT,USD,A,2014,51809,
NOR,AVWAGE,TOT,USD,A,2015,52068,
NOR,AVWAGE,TOT,USD,A,2016,51226,
NOR,AVWAGE,TOT,USD,A,2017,51096,
NOR,AVWAGE,TOT,USD,A,2018,51340,
NOR,AVWAGE,TOT,USD,A,2019,52273,
NOR,AVWAGE,TOT,USD,A,2020,52415,
NOR,AVWAGE,TOT,USD,A,2021,53813.20716,
NOR,AVWAGE,TOT,USD,A,2022,53755.94037,
POL,AVWAGE,TOT,USD,A,1995,18619,
POL,AVWAGE,TOT,USD,A,1996,20106.33276,
POL,AVWAGE,TOT,USD,A,1997,21137.09635,
POL,AVWAGE,TOT,USD,A,1998,21767.8813,
POL,AVWAGE,TOT,USD,A,1999,23660.29967,
POL,AVWAGE,TOT,USD,A,2000,23769.612,
POL,AVWAGE,TOT,USD,A,2001,25120.04182,
POL,AVWAGE,TOT,USD,A,2002,25032.10848,
POL,AVWAGE,TOT,USD,A,2003,25339.5485,
POL,AVWAGE,TOT,USD,A,2004,24784.94194,
POL,AVWAGE,TOT,USD,A,2005,24682.38028,
POL,AVWAGE,TOT,USD,A,2006,24848,
POL,AVWAGE,TOT,USD,A,2007,25664,
POL,AVWAGE,TOT,USD,A,2008,27011,
POL,AVWAGE,TOT,USD,A,2009,26997,
POL,AVWAGE,TOT,USD,A,2010,28091,
POL,AVWAGE,TOT,USD,A,2011,28247,
POL,AVWAGE,TOT,USD,A,2012,27972,
POL,AVWAGE,TOT,USD,A,2013,28274,
POL,AVWAGE,TOT,USD,A,2014,28919,
POL,AVWAGE,TOT,USD,A,2015,29635,
POL,AVWAGE,TOT,USD,A,2016,31199,
POL,AVWAGE,TOT,USD,A,2017,32475,
POL,AVWAGE,TOT,USD,A,2018,34546,
POL,AVWAGE,TOT,USD,A,2019,36667,
POL,AVWAGE,TOT,USD,A,2020,37325,
POL,AVWAGE,TOT,USD,A,2021,37126.69346,
POL,AVWAGE,TOT,USD,A,2022,36896.55924,
PRT,AVWAGE,TOT,USD,A,1995,27425,
PRT,AVWAGE,TOT,USD,A,1996,28439.8087,
PRT,AVWAGE,TOT,USD,A,1997,29179.21225,
PRT,AVWAGE,TOT,USD,A,1998,29544.2884,
PRT,AVWAGE,TOT,USD,A,1999,30550.51701,
PRT,AVWAGE,TOT,USD,A,2000,30975.01029,
PRT,AVWAGE,TOT,USD,A,2001,31099.3971,
PRT,AVWAGE,TOT,USD,A,2002,31085.99711,
PRT,AVWAGE,TOT,USD,A,2003,31014.38138,
PRT,AVWAGE,TOT,USD,A,2004,31055.55459,
PRT,AVWAGE,TOT,USD,A,2005,30885.78789,
PRT,AVWAGE,TOT,USD,A,2006,30215,
PRT,AVWAGE,TOT,USD,A,2007,30417,
PRT,AVWAGE,TOT,USD,A,2008,30315,
PRT,AVWAGE,TOT,USD,A,2009,31716,
PRT,AVWAGE,TOT,USD,A,2010,31589,
PRT,AVWAGE,TOT,USD,A,2011,30820,
PRT,AVWAGE,TOT,USD,A,2012,29496,
PRT,AVWAGE,TOT,USD,A,2013,30056,
PRT,AVWAGE,TOT,USD,A,2014,29538,
PRT,AVWAGE,TOT,USD,A,2015,29448,
PRT,AVWAGE,TOT,USD,A,2016,29320,
PRT,AVWAGE,TOT,USD,A,2017,29433,
PRT,AVWAGE,TOT,USD,A,2018,29919,
PRT,AVWAGE,TOT,USD,A,2019,31081,
PRT,AVWAGE,TOT,USD,A,2020,31300,
PRT,AVWAGE,TOT,USD,A,2021,32089.37798,
PRT,AVWAGE,TOT,USD,A,2022,31921.65999,
SVK,AVWAGE,TOT,USD,A,1994,11728.81306,
SVK,AVWAGE,TOT,USD,A,1995,12627,
SVK,AVWAGE,TOT,USD,A,1996,13654.02197,
SVK,AVWAGE,TOT,USD,A,1997,15504.44414,
SVK,AVWAGE,TOT,USD,A,1998,16114.93162,
SVK,AVWAGE,TOT,USD,A,1999,15779.49416,
SVK,AVWAGE,TOT,USD,A,2000,16381.1268,
SVK,AVWAGE,TOT,USD,A,2001,16382.07197,
SVK,AVWAGE,TOT,USD,A,2002,17226.48364,
SVK,AVWAGE,TOT,USD,A,2003,17559.19452,
SVK,AVWAGE,TOT,USD,A,2004,17812.35737,
SVK,AVWAGE,TOT,USD,A,2005,18906.77746,
SVK,AVWAGE,TOT,USD,A,2006,19561,
SVK,AVWAGE,TOT,USD,A,2007,20761,
SVK,AVWAGE,TOT,USD,A,2008,20974,
SVK,AVWAGE,TOT,USD,A,2009,21689,
SVK,AVWAGE,TOT,USD,A,2010,22642,
SVK,AVWAGE,TOT,USD,A,2011,22443,
SVK,AVWAGE,TOT,USD,A,2012,22161,
SVK,AVWAGE,TOT,USD,A,2013,22333,
SVK,AVWAGE,TOT,USD,A,2014,22781,
SVK,AVWAGE,TOT,USD,A,2015,23676,
SVK,AVWAGE,TOT,USD,A,2016,24426,
SVK,AVWAGE,TOT,USD,A,2017,25151,
SVK,AVWAGE,TOT,USD,A,2018,25862,
SVK,AVWAGE,TOT,USD,A,2019,26707,
SVK,AVWAGE,TOT,USD,A,2020,27052,
SVK,AVWAGE,TOT,USD,A,2021,27546.57904,
SVK,AVWAGE,TOT,USD,A,2022,26262.84353,
ESP,AVWAGE,TOT,USD,A,1991,41351.52599,
ESP,AVWAGE,TOT,USD,A,1992,42879.65076,
ESP,AVWAGE,TOT,USD,A,1993,43564.60127,
ESP,AVWAGE,TOT,USD,A,1994,44019.56293,
ESP,AVWAGE,TOT,USD,A,1995,43146,
ESP,AVWAGE,TOT,USD,A,1996,43730.40933,
ESP,AVWAGE,TOT,USD,A,1997,43777.28642,
ESP,AVWAGE,TOT,USD,A,1998,44011.31714,
ESP,AVWAGE,TOT,USD,A,1999,43985.49917,
ESP,AVWAGE,TOT,USD,A,2000,43029.08323,
ESP,AVWAGE,TOT,USD,A,2001,42803.91035,
ESP,AVWAGE,TOT,USD,A,2002,43018.46932,
ESP,AVWAGE,TOT,USD,A,2003,42799.70425,
ESP,AVWAGE,TOT,USD,A,2004,42254.99489,
ESP,AVWAGE,TOT,USD,A,2005,42437.19741,
ESP,AVWAGE,TOT,USD,A,2006,42235,
ESP,AVWAGE,TOT,USD,A,2007,42692,
ESP,AVWAGE,TOT,USD,A,2008,44201,
ESP,AVWAGE,TOT,USD,A,2009,46983,
ESP,AVWAGE,TOT,USD,A,2010,46538,
ESP,AVWAGE,TOT,USD,A,2011,45707,
ESP,AVWAGE,TOT,USD,A,2012,44427,
ESP,AVWAGE,TOT,USD,A,2013,44431,
ESP,AVWAGE,TOT,USD,A,2014,44294,
ESP,AVWAGE,TOT,USD,A,2015,44957,
ESP,AVWAGE,TOT,USD,A,2016,44704,
ESP,AVWAGE,TOT,USD,A,2017,44123,
ESP,AVWAGE,TOT,USD,A,2018,43975,
ESP,AVWAGE,TOT,USD,A,2019,44448,
ESP,AVWAGE,TOT,USD,A,2020,43828,
ESP,AVWAGE,TOT,USD,A,2021,44443.88997,
ESP,AVWAGE,TOT,USD,A,2022,42859.33604,
SWE,AVWAGE,TOT,USD,A,1991,30050.72112,
SWE,AVWAGE,TOT,USD,A,1992,30992.37412,
SWE,AVWAGE,TOT,USD,A,1993,30586.29493,
SWE,AVWAGE,TOT,USD,A,1994,31342.36777,
SWE,AVWAGE,TOT,USD,A,1995,31398,
SWE,AVWAGE,TOT,USD,A,1996,33276.04251,
SWE,AVWAGE,TOT,USD,A,1997,34584.46108,
SWE,AVWAGE,TOT,USD,A,1998,35725.26639,
SWE,AVWAGE,TOT,USD,A,1999,36486.26999,
SWE,AVWAGE,TOT,USD,A,2000,37650.81043,
SWE,AVWAGE,TOT,USD,A,2001,38086.02397,
SWE,AVWAGE,TOT,USD,A,2002,38587.14319,
SWE,AVWAGE,TOT,USD,A,2003,38908.19386,
SWE,AVWAGE,TOT,USD,A,2004,40203.8423,
SWE,AVWAGE,TOT,USD,A,2005,41216.48554,
SWE,AVWAGE,TOT,USD,A,2006,42366,
SWE,AVWAGE,TOT,USD,A,2007,43779,
SWE,AVWAGE,TOT,USD,A,2008,44635,
SWE,AVWAGE,TOT,USD,A,2009,44790,
SWE,AVWAGE,TOT,USD,A,2010,45337,
SWE,AVWAGE,TOT,USD,A,2011,46020,
SWE,AVWAGE,TOT,USD,A,2012,46993,
SWE,AVWAGE,TOT,USD,A,2013,47506,
SWE,AVWAGE,TOT,USD,A,2014,48043,
SWE,AVWAGE,TOT,USD,A,2015,48770,
SWE,AVWAGE,TOT,USD,A,2016,49535,
SWE,AVWAGE,TOT,USD,A,2017,49797,
SWE,AVWAGE,TOT,USD,A,2018,50041,
SWE,AVWAGE,TOT,USD,A,2019,50559,
SWE,AVWAGE,TOT,USD,A,2020,51214,
SWE,AVWAGE,TOT,USD,A,2021,51928.97547,
SWE,AVWAGE,TOT,USD,A,2022,50406.83074,
CHE,AVWAGE,TOT,USD,A,1991,56464.62526,
CHE,AVWAGE,TOT,USD,A,1992,56948.80432,
CHE,AVWAGE,TOT,USD,A,1993,57572.45938,
CHE,AVWAGE,TOT,USD,A,1994,58283.21049,
CHE,AVWAGE,TOT,USD,A,1995,58316,
CHE,AVWAGE,TOT,USD,A,1996,57610.91638,
CHE,AVWAGE,TOT,USD,A,1997,58645.78569,
CHE,AVWAGE,TOT,USD,A,1998,58814.06439,
CHE,AVWAGE,TOT,USD,A,1999,59892.07564,
CHE,AVWAGE,TOT,USD,A,2000,60767.7071,
CHE,AVWAGE,TOT,USD,A,2001,64157.51996,
CHE,AVWAGE,TOT,USD,A,2002,65448.01604,
CHE,AVWAGE,TOT,USD,A,2003,65111.6354,
CHE,AVWAGE,TOT,USD,A,2004,64650.68198,
CHE,AVWAGE,TOT,USD,A,2005,65657.74645,
CHE,AVWAGE,TOT,USD,A,2006,65847,
CHE,AVWAGE,TOT,USD,A,2007,66634,
CHE,AVWAGE,TOT,USD,A,2008,66983,
CHE,AVWAGE,TOT,USD,A,2009,68319,
CHE,AVWAGE,TOT,USD,A,2010,67961,
CHE,AVWAGE,TOT,USD,A,2011,68401,
CHE,AVWAGE,TOT,USD,A,2012,69383,
CHE,AVWAGE,TOT,USD,A,2013,70280,
CHE,AVWAGE,TOT,USD,A,2014,70412,
CHE,AVWAGE,TOT,USD,A,2015,70797,
CHE,AVWAGE,TOT,USD,A,2016,70468,
CHE,AVWAGE,TOT,USD,A,2017,70087,
CHE,AVWAGE,TOT,USD,A,2018,69892,
CHE,AVWAGE,TOT,USD,A,2019,71189,
CHE,AVWAGE,TOT,USD,A,2020,69728,
CHE,AVWAGE,TOT,USD,A,2021,72358.43967,
CHE,AVWAGE,TOT,USD,A,2022,72993.02434,
GBR,AVWAGE,TOT,USD,A,1991,36982.91363,
GBR,AVWAGE,TOT,USD,A,1992,37721.35545,
GBR,AVWAGE,TOT,USD,A,1993,38323.52964,
GBR,AVWAGE,TOT,USD,A,1994,38989.34502,
GBR,AVWAGE,TOT,USD,A,1995,38995,
GBR,AVWAGE,TOT,USD,A,1996,38948.97428,
GBR,AVWAGE,TOT,USD,A,1997,40373.21372,
GBR,AVWAGE,TOT,USD,A,1998,40920.73474,
GBR,AVWAGE,TOT,USD,A,1999,42984.90709,
GBR,AVWAGE,TOT,USD,A,2000,44967.09154,
GBR,AVWAGE,TOT,USD,A,2001,46885.63748,
GBR,AVWAGE,TOT,USD,A,2002,47505.0791,
GBR,AVWAGE,TOT,USD,A,2003,49042.42908,
GBR,AVWAGE,TOT,USD,A,2004,50561.32624,
GBR,AVWAGE,TOT,USD,A,2005,50067.25152,
GBR,AVWAGE,TOT,USD,A,2006,51890,
GBR,AVWAGE,TOT,USD,A,2007,53926,
GBR,AVWAGE,TOT,USD,A,2008,52475,
GBR,AVWAGE,TOT,USD,A,2009,52346,
GBR,AVWAGE,TOT,USD,A,2010,52455,
GBR,AVWAGE,TOT,USD,A,2011,51497,
GBR,AVWAGE,TOT,USD,A,2012,51070,
GBR,AVWAGE,TOT,USD,A,2013,51594,
GBR,AVWAGE,TOT,USD,A,2014,51816,
GBR,AVWAGE,TOT,USD,A,2015,52549,
GBR,AVWAGE,TOT,USD,A,2016,53156,
GBR,AVWAGE,TOT,USD,A,2017,53471,
GBR,AVWAGE,TOT,USD,A,2018,53950,
GBR,AVWAGE,TOT,USD,A,2019,54703,
GBR,AVWAGE,TOT,USD,A,2020,53612,
GBR,AVWAGE,TOT,USD,A,2021,54762.30333,
GBR,AVWAGE,TOT,USD,A,2022,53985.06047,
USA,AVWAGE,TOT,USD,A,1991,52224.42379,
USA,AVWAGE,TOT,USD,A,1992,53434.83904,
USA,AVWAGE,TOT,USD,A,1993,53133.75679,
USA,AVWAGE,TOT,USD,A,1994,52930.64018,
USA,AVWAGE,TOT,USD,A,1995,53231,
USA,AVWAGE,TOT,USD,A,1996,54009.36711,
USA,AVWAGE,TOT,USD,A,1997,55357.47378,
USA,AVWAGE,TOT,USD,A,1998,57637.04278,
USA,AVWAGE,TOT,USD,A,1999,59155.74217,
USA,AVWAGE,TOT,USD,A,2000,61131.59919,
USA,AVWAGE,TOT,USD,A,2001,61601.2442,
USA,AVWAGE,TOT,USD,A,2002,62096.62512,
USA,AVWAGE,TOT,USD,A,2003,62764.10243,
USA,AVWAGE,TOT,USD,A,2004,63927.40582,
USA,AVWAGE,TOT,USD,A,2005,63987.31916,
USA,AVWAGE,TOT,USD,A,2006,64945,
USA,AVWAGE,TOT,USD,A,2007,66174,
USA,AVWAGE,TOT,USD,A,2008,66011,
USA,AVWAGE,TOT,USD,A,2009,66673,
USA,AVWAGE,TOT,USD,A,2010,67263,
USA,AVWAGE,TOT,USD,A,2011,67353,
USA,AVWAGE,TOT,USD,A,2012,67928,
USA,AVWAGE,TOT,USD,A,2013,67604,
USA,AVWAGE,TOT,USD,A,2014,68591,
USA,AVWAGE,TOT,USD,A,2015,70320,
USA,AVWAGE,TOT,USD,A,2016,70446,
USA,AVWAGE,TOT,USD,A,2017,71157,
USA,AVWAGE,TOT,USD,A,2018,71937,
USA,AVWAGE,TOT,USD,A,2019,73194,
USA,AVWAGE,TOT,USD,A,2020,77567,
USA,AVWAGE,TOT,USD,A,2021,78894.28061,
USA,AVWAGE,TOT,USD,A,2022,77463.47302,
EST,AVWAGE,TOT,USD,A,1991,10671.30121,
EST,AVWAGE,TOT,USD,A,1992,10671.30121,
EST,AVWAGE,TOT,USD,A,1993,10671.30121,
EST,AVWAGE,TOT,USD,A,1994,10671.30121,
EST,AVWAGE,TOT,USD,A,1995,10186,
EST,AVWAGE,TOT,USD,A,1996,10838.19821,
EST,AVWAGE,TOT,USD,A,1997,11838.41473,
EST,AVWAGE,TOT,USD,A,1998,12637.14182,
EST,AVWAGE,TOT,USD,A,1999,13189.70292,
EST,AVWAGE,TOT,USD,A,2000,14253.99896,
EST,AVWAGE,TOT,USD,A,2001,14756.02802,
EST,AVWAGE,TOT,USD,A,2002,15621.98837,
EST,AVWAGE,TOT,USD,A,2003,17131.06282,
EST,AVWAGE,TOT,USD,A,2004,18486.64097,
EST,AVWAGE,TOT,USD,A,2005,19715.3331,
EST,AVWAGE,TOT,USD,A,2006,21504,
EST,AVWAGE,TOT,USD,A,2007,25012,
EST,AVWAGE,TOT,USD,A,2008,25382,
EST,AVWAGE,TOT,USD,A,2009,24704,
EST,AVWAGE,TOT,USD,A,2010,24461,
EST,AVWAGE,TOT,USD,A,2011,23907,
EST,AVWAGE,TOT,USD,A,2012,24256,
EST,AVWAGE,TOT,USD,A,2013,24859,
EST,AVWAGE,TOT,USD,A,2014,26232,
EST,AVWAGE,TOT,USD,A,2015,27434,
EST,AVWAGE,TOT,USD,A,2016,28837,
EST,AVWAGE,TOT,USD,A,2017,29500,
EST,AVWAGE,TOT,USD,A,2018,31391,
EST,AVWAGE,TOT,USD,A,2019,33006,
EST,AVWAGE,TOT,USD,A,2020,35128,
EST,AVWAGE,TOT,USD,A,2021,37317.82297,
EST,AVWAGE,TOT,USD,A,2022,34704.57152,
ISR,AVWAGE,TOT,USD,A,1995,30896,
ISR,AVWAGE,TOT,USD,A,1996,33565.35783,
ISR,AVWAGE,TOT,USD,A,1997,34604.6382,
ISR,AVWAGE,TOT,USD,A,1998,35944.71971,
ISR,AVWAGE,TOT,USD,A,1999,36578.61825,
ISR,AVWAGE,TOT,USD,A,2000,37781.72496,
ISR,AVWAGE,TOT,USD,A,2001,38369.97007,
ISR,AVWAGE,TOT,USD,A,2002,36922.70094,
ISR,AVWAGE,TOT,USD,A,2003,35655.64948,
ISR,AVWAGE,TOT,USD,A,2004,35106.85263,
ISR,AVWAGE,TOT,USD,A,2005,35173.89557,
ISR,AVWAGE,TOT,USD,A,2006,36161,
ISR,AVWAGE,TOT,USD,A,2007,36502,
ISR,AVWAGE,TOT,USD,A,2008,35979,
ISR,AVWAGE,TOT,USD,A,2009,34890,
ISR,AVWAGE,TOT,USD,A,2010,34993,
ISR,AVWAGE,TOT,USD,A,2011,35189,
ISR,AVWAGE,TOT,USD,A,2012,35792,
ISR,AVWAGE,TOT,USD,A,2013,35900,
ISR,AVWAGE,TOT,USD,A,2014,36112,
ISR,AVWAGE,TOT,USD,A,2015,37213,
ISR,AVWAGE,TOT,USD,A,2016,38698,
ISR,AVWAGE,TOT,USD,A,2017,39898,
ISR,AVWAGE,TOT,USD,A,2018,41059,
ISR,AVWAGE,TOT,USD,A,2019,41964,
ISR,AVWAGE,TOT,USD,A,2020,42130,
ISR,AVWAGE,TOT,USD,A,2021,44338.86887,
ISR,AVWAGE,TOT,USD,A,2022,44155.94542,
SVN,AVWAGE,TOT,USD,A,1995,28385,
SVN,AVWAGE,TOT,USD,A,1996,29779.70375,
SVN,AVWAGE,TOT,USD,A,1997,31404.42076,
SVN,AVWAGE,TOT,USD,A,1998,31791.96285,
SVN,AVWAGE,TOT,USD,A,1999,32379.37052,
SVN,AVWAGE,TOT,USD,A,2000,33203.23349,
SVN,AVWAGE,TOT,USD,A,2001,34558.42289,
SVN,AVWAGE,TOT,USD,A,2002,34648.43831,
SVN,AVWAGE,TOT,USD,A,2003,35375.70685,
SVN,AVWAGE,TOT,USD,A,2004,37099.95189,
SVN,AVWAGE,TOT,USD,A,2005,38510.08307,
SVN,AVWAGE,TOT,USD,A,2006,39774,
SVN,AVWAGE,TOT,USD,A,2007,40657,
SVN,AVWAGE,TOT,USD,A,2008,41272,
SVN,AVWAGE,TOT,USD,A,2009,41676,
SVN,AVWAGE,TOT,USD,A,2010,42846,
SVN,AVWAGE,TOT,USD,A,2011,42725,
SVN,AVWAGE,TOT,USD,A,2012,41437,
SVN,AVWAGE,TOT,USD,A,2013,40760,
SVN,AVWAGE,TOT,USD,A,2014,41576,
SVN,AVWAGE,TOT,USD,A,2015,42482,
SVN,AVWAGE,TOT,USD,A,2016,44095,
SVN,AVWAGE,TOT,USD,A,2017,44894,
SVN,AVWAGE,TOT,USD,A,2018,45702,
SVN,AVWAGE,TOT,USD,A,2019,47050,
SVN,AVWAGE,TOT,USD,A,2020,48605,
SVN,AVWAGE,TOT,USD,A,2021,50466.68794,
SVN,AVWAGE,TOT,USD,A,2022,47203.62743,
OECD,AVWAGE,TOT,USD,A,1991,40312.07883,
OECD,AVWAGE,TOT,USD,A,1992,41100.95436,
OECD,AVWAGE,TOT,USD,A,1993,41162.54172,
OECD,AVWAGE,TOT,USD,A,1994,41288.91933,
OECD,AVWAGE,TOT,USD,A,1995,41424,
OECD,AVWAGE,TOT,USD,A,1996,41850.88267,
OECD,AVWAGE,TOT,USD,A,1997,42591.92228,
OECD,AVWAGE,TOT,USD,A,1998,43558.08684,
OECD,AVWAGE,TOT,USD,A,1999,44574.00914,
OECD,AVWAGE,TOT,USD,A,2000,45489.49335,
OECD,AVWAGE,TOT,USD,A,2001,45984.71674,
OECD,AVWAGE,TOT,USD,A,2002,46124.76186,
OECD,AVWAGE,TOT,USD,A,2003,46513.0537,
OECD,AVWAGE,TOT,USD,A,2004,47165.35645,
OECD,AVWAGE,TOT,USD,A,2005,47448.88893,
OECD,AVWAGE,TOT,USD,A,2006,47905,
OECD,AVWAGE,TOT,USD,A,2007,48521,
OECD,AVWAGE,TOT,USD,A,2008,48466,
OECD,AVWAGE,TOT,USD,A,2009,48764,
OECD,AVWAGE,TOT,USD,A,2010,48881,
OECD,AVWAGE,TOT,USD,A,2011,49011,
OECD,AVWAGE,TOT,USD,A,2012,49003,
OECD,AVWAGE,TOT,USD,A,2013,49137,
OECD,AVWAGE,TOT,USD,A,2014,49509,
OECD,AVWAGE,TOT,USD,A,2015,50336,
OECD,AVWAGE,TOT,USD,A,2016,50781,
OECD,AVWAGE,TOT,USD,A,2017,51154,
OECD,AVWAGE,TOT,USD,A,2018,51768,
OECD,AVWAGE,TOT,USD,A,2019,52654,
OECD,AVWAGE,TOT,USD,A,2020,53448,
OECD,AVWAGE,TOT,USD,A,2021,54257.59554,
OECD,AVWAGE,TOT,USD,A,2022,53415.84352,
ISL,AVWAGE,TOT,USD,A,1991,46610.28362,
ISL,AVWAGE,TOT,USD,A,1992,44994.34571,
ISL,AVWAGE,TOT,USD,A,1993,42616.11696,
ISL,AVWAGE,TOT,USD,A,1994,43473.92063,
ISL,AVWAGE,TOT,USD,A,1995,44521,
ISL,AVWAGE,TOT,USD,A,1996,45932.14317,
ISL,AVWAGE,TOT,USD,A,1997,47880.31434,
ISL,AVWAGE,TOT,USD,A,1998,52841.05592,
ISL,AVWAGE,TOT,USD,A,1999,55312.62906,
ISL,AVWAGE,TOT,USD,A,2000,57007.89517,
ISL,AVWAGE,TOT,USD,A,2001,56571.30031,
ISL,AVWAGE,TOT,USD,A,2002,58197.09048,
ISL,AVWAGE,TOT,USD,A,2003,56719.11933,
ISL,AVWAGE,TOT,USD,A,2004,60144.38904,
ISL,AVWAGE,TOT,USD,A,2005,64809.45494,
ISL,AVWAGE,TOT,USD,A,2006,68219,
ISL,AVWAGE,TOT,USD,A,2007,70267,
ISL,AVWAGE,TOT,USD,A,2008,62292,
ISL,AVWAGE,TOT,USD,A,2009,52694,
ISL,AVWAGE,TOT,USD,A,2010,54268,
ISL,AVWAGE,TOT,USD,A,2011,56570,
ISL,AVWAGE,TOT,USD,A,2012,56277,
ISL,AVWAGE,TOT,USD,A,2013,57135,
ISL,AVWAGE,TOT,USD,A,2014,57946,
ISL,AVWAGE,TOT,USD,A,2015,61777,
ISL,AVWAGE,TOT,USD,A,2016,68732,
ISL,AVWAGE,TOT,USD,A,2017,75287,
ISL,AVWAGE,TOT,USD,A,2018,79476,
ISL,AVWAGE,TOT,USD,A,2019,76444,
ISL,AVWAGE,TOT,USD,A,2020,71687,
ISL,AVWAGE,TOT,USD,A,2021,74654.51952,
ISL,AVWAGE,TOT,USD,A,2022,79473.35929,
NZL,AVWAGE,TOT,USD,A,1991,32951.41437,
NZL,AVWAGE,TOT,USD,A,1992,34407.17134,
NZL,AVWAGE,TOT,USD,A,1993,35296.89265,
NZL,AVWAGE,TOT,USD,A,1994,35919.87271,
NZL,AVWAGE,TOT,USD,A,1995,35759,
NZL,AVWAGE,TOT,USD,A,1996,36347.09712,
NZL,AVWAGE,TOT,USD,A,1997,37379.9434,
NZL,AVWAGE,TOT,USD,A,1998,36766.02494,
NZL,AVWAGE,TOT,USD,A,1999,36307.95678,
NZL,AVWAGE,TOT,USD,A,2000,36451.93329,
NZL,AVWAGE,TOT,USD,A,2001,37143.585,
NZL,AVWAGE,TOT,USD,A,2002,37829.94495,
NZL,AVWAGE,TOT,USD,A,2003,39232.67469,
NZL,AVWAGE,TOT,USD,A,2004,40606.50858,
NZL,AVWAGE,TOT,USD,A,2005,41292.85256,
NZL,AVWAGE,TOT,USD,A,2006,41548,
NZL,AVWAGE,TOT,USD,A,2007,43973,
NZL,AVWAGE,TOT,USD,A,2008,43463,
NZL,AVWAGE,TOT,USD,A,2009,43994,
NZL,AVWAGE,TOT,USD,A,2010,44476,
NZL,AVWAGE,TOT,USD,A,2011,44442,
NZL,AVWAGE,TOT,USD,A,2012,45402,
NZL,AVWAGE,TOT,USD,A,2013,44794,
NZL,AVWAGE,TOT,USD,A,2014,44969,
NZL,AVWAGE,TOT,USD,A,2015,45779,
NZL,AVWAGE,TOT,USD,A,2016,47269,
NZL,AVWAGE,TOT,USD,A,2017,47594,
NZL,AVWAGE,TOT,USD,A,2018,48784,
NZL,AVWAGE,TOT,USD,A,2019,50211,
NZL,AVWAGE,TOT,USD,A,2020,51417,
NZL,AVWAGE,TOT,USD,A,2021,51877.3367,
NZL,AVWAGE,TOT,USD,A,2022,50722.4543,
CHL,AVWAGE,TOT,USD,A,1995,17383,
CHL,AVWAGE,TOT,USD,A,1996,17383.36118,
CHL,AVWAGE,TOT,USD,A,1997,18600.43425,
CHL,AVWAGE,TOT,USD,A,1998,19515.20739,
CHL,AVWAGE,TOT,USD,A,1999,20533.3615,
CHL,AVWAGE,TOT,USD,A,2000,20514.90861,
CHL,AVWAGE,TOT,USD,A,2001,21090.00601,
CHL,AVWAGE,TOT,USD,A,2002,21378.51175,
CHL,AVWAGE,TOT,USD,A,2003,21710.70198,
CHL,AVWAGE,TOT,USD,A,2004,21258.81054,
CHL,AVWAGE,TOT,USD,A,2005,21069.06862,
CHL,AVWAGE,TOT,USD,A,2006,21589,
CHL,AVWAGE,TOT,USD,A,2007,22100,
CHL,AVWAGE,TOT,USD,A,2008,22505,
CHL,AVWAGE,TOT,USD,A,2009,24588,
CHL,AVWAGE,TOT,USD,A,2010,27871,
CHL,AVWAGE,TOT,USD,A,2011,28639,
CHL,AVWAGE,TOT,USD,A,2012,29661,
CHL,AVWAGE,TOT,USD,A,2013,30530,
CHL,AVWAGE,TOT,USD,A,2014,30657,
CHL,AVWAGE,TOT,USD,A,2015,30615,
CHL,AVWAGE,TOT,USD,A,2016,31834,
CHL,AVWAGE,TOT,USD,A,2017,30847,
CHL,AVWAGE,TOT,USD,A,2018,32348,
CHL,AVWAGE,TOT,USD,A,2019,33190,
CHL,AVWAGE,TOT,USD,A,2020,31369,
CHL,AVWAGE,TOT,USD,A,2021,33042.3321,
LVA,AVWAGE,TOT,USD,A,1995,11340,
LVA,AVWAGE,TOT,USD,A,1996,11340.20363,
LVA,AVWAGE,TOT,USD,A,1997,11875.00165,
LVA,AVWAGE,TOT,USD,A,1998,12234.52452,
LVA,AVWAGE,TOT,USD,A,1999,12738.38701,
LVA,AVWAGE,TOT,USD,A,2000,13406.70653,
LVA,AVWAGE,TOT,USD,A,2001,13843.79142,
LVA,AVWAGE,TOT,USD,A,2002,13420.23761,
LVA,AVWAGE,TOT,USD,A,2003,14380.66693,
LVA,AVWAGE,TOT,USD,A,2004,15634.09323,
LVA,AVWAGE,TOT,USD,A,2005,18183.97802,
LVA,AVWAGE,TOT,USD,A,2006,20051,
LVA,AVWAGE,TOT,USD,A,2007,24721,
LVA,AVWAGE,TOT,USD,A,2008,25508,
LVA,AVWAGE,TOT,USD,A,2009,23031,
LVA,AVWAGE,TOT,USD,A,2010,22140,
LVA,AVWAGE,TOT,USD,A,2011,21373,
LVA,AVWAGE,TOT,USD,A,2012,22240,
LVA,AVWAGE,TOT,USD,A,2013,23301,
LVA,AVWAGE,TOT,USD,A,2014,24864,
LVA,AVWAGE,TOT,USD,A,2015,26944,
LVA,AVWAGE,TOT,USD,A,2016,28523,
LVA,AVWAGE,TOT,USD,A,2017,29546,
LVA,AVWAGE,TOT,USD,A,2018,30640,
LVA,AVWAGE,TOT,USD,A,2019,31972,
LVA,AVWAGE,TOT,USD,A,2020,33199,
LVA,AVWAGE,TOT,USD,A,2021,35923.06305,
LVA,AVWAGE,TOT,USD,A,2022,34136.15487,
LTU,AVWAGE,TOT,USD,A,1995,12117,
LTU,AVWAGE,TOT,USD,A,1996,13516.23353,
LTU,AVWAGE,TOT,USD,A,1997,14934.61579,
LTU,AVWAGE,TOT,USD,A,1998,16311.03543,
LTU,AVWAGE,TOT,USD,A,1999,17032.23146,
LTU,AVWAGE,TOT,USD,A,2000,17102.37602,
LTU,AVWAGE,TOT,USD,A,2001,18055.46368,
LTU,AVWAGE,TOT,USD,A,2002,19273.9634,
LTU,AVWAGE,TOT,USD,A,2003,21352.46893,
LTU,AVWAGE,TOT,USD,A,2004,23693.9422,
LTU,AVWAGE,TOT,USD,A,2005,26174.75832,
LTU,AVWAGE,TOT,USD,A,2006,29975,
LTU,AVWAGE,TOT,USD,A,2007,31929,
LTU,AVWAGE,TOT,USD,A,2008,32512,
LTU,AVWAGE,TOT,USD,A,2009,28233,
LTU,AVWAGE,TOT,USD,A,2010,28340,
LTU,AVWAGE,TOT,USD,A,2011,28918,
LTU,AVWAGE,TOT,USD,A,2012,29401,
LTU,AVWAGE,TOT,USD,A,2013,30515,
LTU,AVWAGE,TOT,USD,A,2014,31902,
LTU,AVWAGE,TOT,USD,A,2015,33989,
LTU,AVWAGE,TOT,USD,A,2016,35752,
LTU,AVWAGE,TOT,USD,A,2017,37766,
LTU,AVWAGE,TOT,USD,A,2018,39524,
LTU,AVWAGE,TOT,USD,A,2019,42041,
LTU,AVWAGE,TOT,USD,A,2020,44228,
LTU,AVWAGE,TOT,USD,A,2021,47035.4439,
LTU,AVWAGE,TOT,USD,A,2022,43874.58155,
TUR,AVWAGE,TOT,USD,A,1995,21432,
TUR,AVWAGE,TOT,USD,A,2006,21432,
TUR,AVWAGE,TOT,USD,A,2007,22170,
TUR,AVWAGE,TOT,USD,A,2008,22042,
TUR,AVWAGE,TOT,USD,A,2009,22292,
TUR,AVWAGE,TOT,USD,A,2010,22847,
TUR,AVWAGE,TOT,USD,A,2011,23216,
TUR,AVWAGE,TOT,USD,A,2012,24153,
TUR,AVWAGE,TOT,USD,A,2013,25265,
TUR,AVWAGE,TOT,USD,A,2014,26127,
TUR,AVWAGE,TOT,USD,A,2015,26786,
TUR,AVWAGE,TOT,USD,A,2016,30081,
TUR,AVWAGE,TOT,USD,A,2017,29515,
TUR,AVWAGE,TOT,USD,A,2018,30041,
TUR,AVWAGE,TOT,USD,A,2019,31927,
TUR,AVWAGE,TOT,USD,A,2020,31761,
COL,AVWAGE,TOT,USD,A,1995,16614,
COL,AVWAGE,TOT,USD,A,2005,16614.18268,
COL,AVWAGE,TOT,USD,A,2006,16958,
COL,AVWAGE,TOT,USD,A,2007,16848,
COL,AVWAGE,TOT,USD,A,2008,18496,
COL,AVWAGE,TOT,USD,A,2009,19172,
COL,AVWAGE,TOT,USD,A,2010,19800,
COL,AVWAGE,TOT,USD,A,2011,19693,
COL,AVWAGE,TOT,USD,A,2012,20172,
COL,AVWAGE,TOT,USD,A,2013,20588,
COL,AVWAGE,TOT,USD,A,2014,20602,
COL,AVWAGE,TOT,USD,A,2015,20685,
COL,AVWAGE,TOT,USD,A,2016,20488,
COL,AVWAGE,TOT,USD,A,2017,21020,
COL,AVWAGE,TOT,USD,A,2018,21821,
COL,AVWAGE,TOT,USD,A,2019,21751,
COL,AVWAGE,TOT,USD,A,2020,24681,
COL,AVWAGE,TOT,USD,A,2021,22248.49156,
CRI,AVWAGE,TOT,USD,A,1991,12784.29757,
CRI,AVWAGE,TOT,USD,A,1992,13114.46401,
CRI,AVWAGE,TOT,USD,A,1993,13999.4385,
CRI,AVWAGE,TOT,USD,A,1994,16987.29051,
CRI,AVWAGE,TOT,USD,A,1995,16716,
CRI,AVWAGE,TOT,USD,A,1996,16870.61487,
CRI,AVWAGE,TOT,USD,A,1997,16856.22024,
CRI,AVWAGE,TOT,USD,A,1998,17093.39048,
CRI,AVWAGE,TOT,USD,A,1999,17857.04311,
CRI,AVWAGE,TOT,USD,A,2000,18159.51065,
CRI,AVWAGE,TOT,USD,A,2001,18658.43033,
CRI,AVWAGE,TOT,USD,A,2002,18844.70875,
CRI,AVWAGE,TOT,USD,A,2003,18244.20304,
CRI,AVWAGE,TOT,USD,A,2004,18298.35314,
CRI,AVWAGE,TOT,USD,A,2005,16702.98736,
CRI,AVWAGE,TOT,USD,A,2006,17300,
CRI,AVWAGE,TOT,USD,A,2007,17069,
CRI,AVWAGE,TOT,USD,A,2008,17725,
CRI,AVWAGE,TOT,USD,A,2009,20177,
CRI,AVWAGE,TOT,USD,A,2010,21062,
CRI,AVWAGE,TOT,USD,A,2011,22174,
CRI,AVWAGE,TOT,USD,A,2012,22579,
CRI,AVWAGE,TOT,USD,A,2013,24442,
CRI,AVWAGE,TOT,USD,A,2014,24510,
CRI,AVWAGE,TOT,USD,A,2015,26186,
CRI,AVWAGE,TOT,USD,A,2016,27364,
CRI,AVWAGE,TOT,USD,A,2017,27020,
CRI,AVWAGE,TOT,USD,A,2018,27709,
CRI,AVWAGE,TOT,USD,A,2019,28524,
CRI,AVWAGE,TOT,USD,A,2020,31341,
CRI,AVWAGE,TOT,USD,A,2021,31117.83426,
